,0
0,The Hunchback of Notre Dame II
1,Jiminy Cricket's Christmas
2,Brave Little Tailor
3,The Pacifier
4,Wizards of Waverly Place: The Movie
5,Pirates of the Caribbean (franchise)
6,Zenon: Z3
7,Recess: School's Out
8,Whispers: An Elephant's Tale
9,Zootopia
10,Elena and the Secret of Avalor
11,Raya and the Last Dragon
12,102 Dalmatians
13,The Princess Diaries 2: Royal Engagement
14,"Splash, Too"
15,Heavyweights
16,Tex
17,Meet the Robinsons
18,Disenchanted
19,Halloweentown II: Kalabar's Revenge
20,Artemis Fowl
21,w:c:muppet:It's a Very Merry Muppet Christmas Movie
22,Robin Hood
23,Morgan's Ghost
24,Mickey's House of Villains
25,Chicken Little
26,Winnie the Pooh: Springtime with Roo
27,Treasure Planet
28,The Nutcracker and the Four Realms
29,Phineas and Ferb the Movie: Candace Against the Universe
30,Fun and Fancy Free
31,Disney Princess Enchanted Tales: Follow Your Dreams
32,No Hunting
33,Winnie the Pooh (film)
34,Doug's 1st Movie
35,In Search of the Castaways
36,Brother Bear 2
37,The Sign of Zorro
38,Toby Tyler
39,Snow White and the Seven Dwarfs
40,Underdog
41,Tinker Bell and The Great Fairy Rescue
42,The Santa Clause
43,Pirates of the Caribbean: Dead Man's Chest
44,Shake It Up: Made in Japan
45,Aladdin 2 (live-action film)
46,Geppetto (TV Musical)
47,Wreck-It Ralph (film)
48,The Cheetah Girls
49,Oliver Twist
50,Bambi (film)
51,Pete's Dragon (2016 film)
52,The Rescuers Down Under
53,The Three Musketeers
54,The Tigger Movie
55,Maleficent (film)
56,The Three Caballeros
57,Hocus Pocus
58,"Mickey, Donald, Goofy: The Three Musketeers"
59,Mulan (2020 film)
60,Return from Witch Mountain
61,The Santa Clause 2
62,The Sorcerer's Apprentice (film)
63,Cinderella (2015 film)
64,I'll Be Home for Christmas
65,Frozen II
66,Cars 3
67,The Shaggy Dog (1994 film)
68,Planes: Fire & Rescue
69,Pete's Dragon
70,The Nightmare Before Christmas
71,101 Dalmatians (1996 film)
72,Secret of the Wings
73,John Carter (film)
74,Pocahontas ll: Journey to a New World
75,Frozen
76,Trail Mix-Up
77,Make Mine Music
78,The Rise of Scar
79,The Goddess of Spring
80,The Many Adventures of Winnie the Pooh
81,Tangled: Before Ever After
82,Race to Witch Mountain
83,Toothless
84,Eloise at Christmastime
85,Boo to You Too! Winnie the Pooh
86,More To Explore (page does not exist)
87,The Country Bears
88,Hulk: Where Monsters Dwell
89,Air Bud: Golden Receiver
90,National Treasure: Book of Secrets
91,George of the Jungle
92,Tom and Huck
93,The Rocketeer
94,Tuck Everlasting
95,Goliath II
96,The Island at the Top of the World
97,Hocus Pocus 2
98,So Dear to My Heart
99,The Incredible Journey
100,TRON
101,High School Musical
102,Upside-Down Magic
103,Beauty and the Beast (2017 film)
104,My Favorite Martian
105,Avalon High
106,High School Musical 3
107,The Computer Wore Tennis Shoes (1995 film) (page does not exist)
108,Homeward Bound: The Incredible Journey
109,Pollyanna
110,Mighty Joe Young
111,Peter Pan & Wendy
112,The Muppet Christmas Carol
113,Peter Pan and Wendy
114,Recess Christmas: Miracle on Third Street
115,Prince of Persia: The Sands of Time
116,Herbie Goes Bananas
117,Pocahontas
118,Pirates of the Caribbean: The Curse of the Black Pearl
119,The Cheetah Girls 2
120,Homeward Bound II: Lost in San Francisco
121,Dinosaur
122,Teen Beach 2
123,Oliver & Company
124,Recess: All Growed Down
125,"Honey, I Shrunk the Kids"
126,Phineas and Ferb The Movie: Candace Against the Universe
127,G-Force
128,Return to Halloweentown
129,Dumbo (1941 film)
130,Alice in Wonderland (1951 film)
131,A Wrinkle in Time (film)
132,Pirates of the Caribbean: At World's End
133,The Book of Pooh: Stories from the Heart
134,Tinker Bell (film)
135,Kim Possible (film)
136,Frankenweenie
137,The Lion Guard
138,Let's Stick Together
139,King of the Grizzlies
140,Flight of the Navigator
141,Disney Sing Along Songs
142,Herbie Goes to Monte Carlo
143,Toy Story 4
144,Descendants 3
145,Inspector Gadget (1999 film)
146,The Emperor's New Groove 2: Kronk's New Groove
147,Rose Red (film)
148,Reign of Fire
149,The Good Dinosaur
150,The Sorcerer's Apprentice
151,The Haunted Mansion (2003 film)
152,Mighty Ducks Movie: The First Face-Off
153,The Black Hole
154,Mackenzie Falls
155,Beverly Hills Family Robinson
156,Coco
157,The Apple Dumpling Gang
158,White Fang
159,"Charlie, the Lonesome Cougar"
160,D3: The Mighty Ducks
161,Inside Out
162,Santa Buddies
163,Mary Poppins (film)
164,Roger Rabbit II: The Toon Platoon
165,Ralph Breaks the Internet
166,Moana (film)
167,Robin Hood (film)
168,Casey Bats Again
169,Timmy Failure: Mistakes Were Made
170,Muppet Treasure Island
171,The Parent Trap IV: Hawaiian Honeymoon
172,The Suite Life Movie
173,The Computer Wore Tennis Shoes
174,The Shaggy Dog
175,White Fang 2: Myth of the White Wolf
176,Mickey's Twice Upon a Christmas
177,Swiss Family Robinson
178,Toby Tortoise Returns
179,"The Chronicles of Narnia: The Lion, the Witch and the Wardrobe"
180,Geppetto (film)
181,Beauty and the Beast (1991 film)
182,The Odd Life of Timothy Green
183,Bridge to Terabithia
184,Lady and the Tramp (2019 film)
185,The Wizards Return: Alex vs. Alex
186,The Fox and the Hound
187,The Little Mermaid II: Return to the Sea
188,The Small One
189,The Princess and the Frog
190,Dragonslayer
191,Halloweentown
192,Finding Nemo
193,The Love Bug (1997 film)
194,Babes in Toyland
195,Herbie: Fully Loaded
196,One Magic Christmas
197,The Emperor's New Groove
198,Tarzan (film)
199,Camp Rock 2: The Final Jam
200,John Henry
201,The Muppets (film)
202,The Little Mermaid: Ariel's Beginning
203,The Ultimate Christmas Present
204,Avengers: Endgame
205,Shrunk
206,The Reluctant Dragon (short)
207,The Lion King 1½
208,The Lion King (2019 film)
209,The Prince and the Pauper
210,That Darn Cat
211,Blackbeard's Ghost
212,S.H.I.E.L.D.
213,Chip 'n Dale Rescue Rangers (film)
214,The Adventures of Huck Finn
215,Elena of Avalor: Realm of the Jaquins
216,The Avengers (film)
217,Cartoon All-Stars to the Rescue
218,The Princess Diaries
219,Cinderella III: A Twist in Time
220,The Jungle Book 2 (live-action film)
221,Zombies 3
222,Who Framed Roger Rabbit
223,Zombies 2
224,Pinocchio (film)
225,Beverly Hills Chihuahua 2
226,Zapped
227,Zenon: The Zequel
228,The Proud Family Movie
229,Chicken Little (film)
230,Descendants: The Royal Wedding
231,Sharpay's Fabulous Adventure
232,Tower of Terror (film)
233,Treasure Island
234,Hollywood Stargirl
235,Descendants
236,Alice Through the Looking Glass
237,Halloweentown High
238,Geek Charming
239,Mary Poppins Returns
240,Treasure Buddies
241,Hercules
242,Sky High
243,Oliver and Company
244,The Jungle Book (2016 film)
245,Max Keeble's Big Move
246,Mickey's Polo Team
247,The Parent Trap
248,Pocahontas (film)
249,2010
250,A Wrinkle in Time (2018 film)
251,Splash
252,Ratatouille
253,That Darn Cat (1997)
254,Mickey's Good Deed
255,Enchanted
256,Hannah Montana: The Movie
257,Fantasia
258,Angels in the Outfield
259,Santa Paws 2: The Santa Pups
260,The Strongest Man in the World
261,One of Our Dinosaurs is Missing
262,The Shaggy D.A.
263,Melody Time
264,Jake and the Never Land Pirates: Jake Saves Bucky
265,The Mighty Ducks
266,Finding Dory
267,The Happiest Millionaire
268,Christopher Robin (film)
269,Song of the South
270,The Million Dollar Duck
271,Old Dogs
272,The Search for Santa Paws
273,John Carter
274,The Santa Clause 3: The Escape Clause
275,Confessions of a Teenage Drama Queen
276,"Up, Up, and Away (film)"
277,Iron Will
278,Elizabeth Henshaw
279,Alice in Wonderland
280,Sleeping Beauty
281,Peter Pan
282,My Once Upon a Time
283,Alice Comedies
284,D2: The Mighty Ducks
285,Aladdin (1992 film)
286,My Date with the President's Daughter
287,Cruella
288,Outtakes
289,The Apple Dumpling Gang Rides Again
290,Pooh's Heffalump Halloween Movie
291,The Cheetah Girls: One World
292,Beyond Witch Mountain
293,Wizards on Deck with Hannah Montana
294,The Fox and the Hound 2
295,Pooh's Heffalump Movie
296,Captain Nemo (film)
297,Saving Mr. Banks
298,Planes
299,Wendy Wu: Homecoming Warrior
300,The Wise Little Hen
301,Ant-Man (film)
302,Let's Go to Disneyland Paris
303,Tinker Bell and the Great Fairy Rescue
304,Once Upon a Halloween
305,Tarzan
306,Melanie Ravenswood
307,Darby O'Gill and the Little People
308,Who Killed Cock Robin?
309,Tomorrowland (film)
310,Son of Flubber
311,Mom's Got a Date with a Vampire
312,The Thirteenth Year
313,Beverly Hills Chihuahua
314,Home on the Range
315,Lemonade Mouth
316,The Aristocats
317,The Story of Robin Hood and His Merrie Men
318,American Legends
319,Tigger & Pooh and a Musical Too
320,Atlantis: The Lost Empire
321,Spooky Buddies
322,Camp Rock
323,Pirates of the Caribbean: At Worlds End
324,Cinderella
325,A Christmas Carol
326,Life is Ruff
327,Stargirl (film)
328,Minutemen
329,Tarzan & Jane
330,Flora & Ulysses
331,Tall Tale
332,Pocahontas II: Journey to a New World
333,Freaky Friday (2003 film)
334,The Chronicles of Narnia: Prince Caspian
335,The One and Only Ivan
336,Noelle
337,Princess of Thieves
338,"20,000 Leagues Under the Sea"
339,Pirates of the Caribbean: On Stranger Tides
340,Pigs Is Pigs
341,Mickey's Once Upon a Christmas
342,The Robber Kitten
343,The Little House
344,The Lion Guard: Return of the Roar
345,Lilo & Stitch
346,Phineas and Ferb the Movie: Across the 2nd Dimension
347,Tinker Bell and the Lost Treasure
348,The Return of Jafar
349,High School Musical 2
350,The Haunted Mansion (film)
351,The Reluctant Dragon
352,Lilo & Stitch 2: Stitch has a Glitch
353,Captain Jake and the Never Land Pirates: The Legion of Pirate Villains
354,Hollywood Party
355,Zombies
356,A Mom for Christmas
357,Condorman
358,Halloweentown (film)
359,Maleficent: Mistress of Evil
360,Old Yeller
361,Holes
362,Belle's Tales of Friendship
363,Bedknobs and Broomsticks
364,King of the Jungle
365,The BFG
366,The Lion King
367,Tarzan II
368,Never Cry Wolf
369,Pirates of the Caribbean: Dead Men Tell No Tales
370,Mulan II
371,Space Buddies
372,Captain Marvel (film)
373,The Lion King 2 (live-action film)
374,The Parent Trap III
375,"Monsters, Inc."
376,Jungle Cruise (film)
377,Bedtime Stories
378,The Ugly Dachshund
379,Mary Poppins
380,The Pixie Hollow Games
381,'Twas the Night
382,"Nikki, Wild Dog of the North"
383,"Now You See Him, Now You Don't"
384,Toy Story
385,Bonkers
386,Crazy with the Heat
387,Avengers: Age of Ultron
388,Stitch! The Movie
389,The Pirate Fairy
390,Life Is Ruff
391,The Legend of Lobo
392,The Hunchback of Notre Dame
393,The Love Bug
394,Genius
395,Frenemies (2012 film)
396,Around the World in 80 Days
397,A Goofy Movie
398,Teacher's Pet (film)
399,Kim Possible Movie: So the Drama
400,Big Hero 6
401,Tron
402,The Army Mascot
403,Up
404,Peter Pan (film)
405,The Moon-Spinners
406,The Even Stevens Movie
407,Eight Below
408,The Sword in the Stone
409,The Scarecrow of Romney Marsh
410,Godmothered
411,The Great Mouse Detective
412,Tron: Legacy
413,Return to Oz
414,DuckTales the Movie: Treasure of the Lost Lamp
415,Piglet's Big Movie
416,Duck Pimples
417,Alice in Wonderland (2010 film)
418,High School Musical 3: Senior Year
419,Snow Dogs
420,Winnie the Pooh: A Very Merry Pooh Year
421,Pooh's Super Sleuth Christmas Movie
422,Escape to Witch Mountain
423,Cheetah
424,One Hundred and One Dalmatians
425,Pixel Perfect
426,The Rescuers
427,Aladdin and the King of Thieves
428,Freaky Friday (2003)
429,"Alexander and the Terrible, Horrible, No Good, Very Bad Day"
430,Muppets Most Wanted
431,Snowball Express
432,Blade (film)
433,Wreck-It Ralph
434,Bambi (live-action film)
435,Captain America: The Winter Soldier
436,Lady and the Tramp
437,Candleshoe
438,Eloise at the Plaza
439,Soul
440,Cinderella II: Dreams Come True
441,wikipedia:The Chronicles of Narnia: The Voyage of the Dawn Treader
442,Air Buddies
443,Teacher's Pet: The Movie
444,National Treasure
445,Our Huge Adventure
446,The Pied Piper
447,Monsters University
448,Super Duper Super Sleuths
449,Recess: Taking the Fifth Grade
450,Pinocchio (live-action film)
451,"Cri-Crí ""el grillito cantor"""
452,Beauty and the Beast
453,The Brave Little Toaster to the Rescue
454,"Good Luck Charlie, It's Christmas!"
455,Let It Shine
456,Inspector Gadget 2
457,Hercules: Zero to Hero
458,Mickey's Magical Christmas: Snowed in at the House of Mouse
459,Bambi II
460,Descendants 2
461,Cow Belles
462,Pixie Hollow Games
463,Girl vs. Monster
464,Beauty and the Beast: Belle's Magical World
465,Night on Bald Mountain (film)
466,The Return of the Shaggy Dog
467,Super Buddies
468,Onward
469,Sofia the First: Once Upon a Princess
470,Jake and the Never Land Pirates: Peter Pan Returns
471,Hercules (live-action film)
472,Air Bud
473,The Other Side of Heaven
474,Mother Goose Rock 'n' Rhyme
475,Cloud 9
476,Return to Never Land
477,The Swap
478,The Jungle Book 2
479,Cars 2
480,Aladdin (2019 film)
481,The Parent Trap II
482,"Honey, We Shrunk Ourselves"
483,James and the Giant Peach
484,Flubber
485,Beauty and the Beast: The Enchanted Christmas
486,The Lion King II: Simba's Pride
487,Herbie Rides Again
488,Leroy & Stitch
489,The Wild
490,Rudyard Kipling's The Jungle Book
491,Savage Sam
492,101 Dalmatians II: Patch's London Adventure
493,Kim Possible: A Sitch in Time
494,The Lizzie McGuire Movie
495,"Toot, Whistle, Plunk and Boom"
496,Lilo & Stitch (live-action film)
497,Lilo & Stitch 2: Stitch Has a Glitch
498,That Darn Cat! (1965 film)
499,Hansel and Gretel (1982 film)
500,The Lone Ranger
501,Snow Buddies
502,The Black Cauldron
503,An Extremely Goofy Movie
504,"Honey, I Blew Up the Kid"
505,Annie (1999 film)
506,Tangled
507,The Phineas and Ferb Movie: Candace Against the Universe
508,Oz the Great and Powerful
509,The Adventures of Ichabod and Mr. Toad
510,The Game Plan
511,Kronk's New Groove
512,Fantasia 2000
513,A Far Off Place
514,Dumbo (2019 film)
515,Newsies
516,Jungle 2 Jungle
517,Beach Party at Walt Disney World
518,Cinderella (1950 film)
519,Mulan
520,Giantland
521,Buzz Lightyear of Star Command: The Adventure Begins
522,Captain Jake and the Never Land Pirates: The Great Never Sea Conquest
523,Incredibles 2
524,The Absent-Minded Professor
525,Freaky Friday (2018)
526,Princess Protection Program
527,Rodgers & Hammerstein's Cinderella
528,Winnie the Pooh: Seasons of Giving
529,Mickey's Mechanical House
530,Spirited Away
531,Dangal
532,Air Bud: Spikes Back
533,Secret Society of Second-Born Royals
534,Toy Story 3
535,The Cat from Outer Space
536,Ben and Me
537,Beverly Hills Chihuahua 3: Viva la Fiesta
538,Stanley's Dinosaur Round-Up
539,Aladdin (film)
540,Cars
541,The Parent Trap (1998 film)
542,The Muppets' Wizard of Oz
543,The Little Mermaid (live-action film)
544,Miscellaneous Disney animated shorts compilation videos
545,Pooh's Grand Adventure: The Search for Christopher Robin
546,Air Bud: Seventh Inning Fetch
547,1996
548,Zenon: Girl of the 21st Century
549,101 Dalmatians: The Series
550,Lady and the Tramp II: Scamp's Adventure
551,Atlantis: Milo's Return
552,Life-Size
553,The Jungle Book
554,Rocket's Firebird Rescue
555,Tinker Bell and the Legend of the NeverBeast
556,Jake and the Never Land Pirates: Never Land Rescue
557,Perri
558,Dick Tracy
559,Toy Story 2
560,Bolt (film)
561,Saludos Amigos
562,Teen Beach Movie
563,The Jungle Book: Mowgli's Story
564,The Shaggy Dog (2006 film)
565,Mickey's House of Villians
566,Into the Woods
567,George of the Jungle 2
568,Moana
569,Inspector Gadget
570,Life-Size 2
571,Brother Bear
572,The Little Mermaid
573,WALL-E (film)
574,Air Bud: World Pup
575,W.I.T.C.H.
576,Hercules (film)
577,Mars Needs Moms
578,Jake and the Never Land Pirates: Battle for the Book
